DATA;PLASBIL;PIETROBON;SIMONETTO;ITALAC;KANINHA;RECH;DANIELI;MASTER;PRIMAVERA;BB;CASELANI;LIQUIDA_MUX
01/01/2021;795,5153;278,8983;0;0;0;0;0;0;0;0;0;5832,9064
01/02/2021;772,5759;222,7945;0;0;0;0;0;0;0;0;0;4794,2602
01/03/2021;819,175;244,4533;0;0;0;0;0;0;0;0;0;5666,0622
01/04/2021;653,123;195,9933;0;0;0;0;0;0;0;0;0;5208,2245
01/05/2021;707,4179;203,1348;0;0;0;0;0;0;0;0;0;5363,361
01/06/2021;799,5402;184,1559;0;0;0;0;0;0;0;0;0;5166,8735
01/07/2021;816,2181;231,5623;0;0;0;0;0;0;0;0;0;5392,2127
01/08/2021;769,8089;217,1711;0;0;0;0;0;0;0;0;0;5359,3068
01/09/2021;736,4928;223,1494;0;0;0;0;0;0;0;0;0;4883,5126
01/10/2021;814,2956;235,2338;0;0;0;0;0;0;0;0;0;4890,1807
01/11/2021;772,8417;232,3865;0;0;0;0;0;0;0;0;0;5336,9286
01/12/2021;596,4642;159,791;0;0;0;0;0;0;0;0;0;5900,3346
01/01/2022;572,4579;225,8022;153,2966;0;0;0;0;0;0;0;0;6175,307
01/02/2022;705,2144;200,1206;143,51;0;0;0;0;0;0;0;0;5230,1914
01/03/2022;761,1878;222,2112;170,0105;0;0;0;0;0;0;0;0;5602,5704
01/04/2022;683,7432;180,327;142,2827;0;0;0;0;0;0;0;0;4693,2878
01/05/2022;709,0349;189,4232;156,7783;0;0;0;0;0;0;0;0;4891,4583
01/06/2022;709,0775;188,514;155,4948;0;0;0;0;0;0;0;0;5057,7387
01/07/2022;770,697;194,769;167,583;0;0;0;0;0;0;0;0;4783,719
01/08/2022;852,5438;216,4806;150,1335;0;0;0;0;0;0;0;0;5019,9673
01/09/2022;776,9909;224,8196;145,6426;0;0;0;0;0;0;0;0;4914,3676
01/10/2022;732,0007;250,5824;151,5772;0;0;0;0;0;0;0;0;4708,7592
01/11/2022;790,1911;253,9602;152,4784;0;0;0;0;0;0;0;0;4943,5154
01/12/2022;675,3626;221,9613;156,2604;0;0;0;0;0;0;0;0;5383,7627
01/01/2023;727,043;266,0829;182,1048;0;0;0;0;0;0;0;0;5663,3395
01/02/2023;867,1887;278,7123;159,3676;0;0;0;0;0;0;0;0;5094,886
01/03/2023;941,9232;310,1384;194,0161;0;0;0;0;0;0;0;0;5516,1223
01/04/2023;713,712;248,6607;162,8217;0;0;0;0;0;0;0;0;4663,9554
01/05/2023;817,348;294,15;180,1923;0;0;0;0;0;0;0;0;4752,1208
01/06/2023;886,1572;283,6907;152,1836;1635,6211;0;0;0;0;0;0;0;3381,2156
01/07/2023;869,4337;295,728;162,9986;1706,5604;0;0;0;0;0;0;0;3284,6608
01/08/2023;905,0863;334,0695;154,9349;1634,2553;0;0;0;0;0;0;0;2993,3971
01/09/2023;770,4238;299,4526;164,5142;1723,6674;0;0;0;0;0;0;0;3514,492
01/10/2023;803,3041;275,2872;166,7711;1705,4239;0;0;0;0;0;0;0;3577,1408
01/11/2023;808,2527;265,4679;166,7487;1618,6023;0;0;0;0;0;0;0;3630,5627
01/12/2023;641,1237;232,6345;104,4651;1830,1777;0;0;0;0;0;0;0;4048,9419
01/01/2024;834,7101;259,387;183,4089;1776,2132;0;0;0;0;0;0;0;3844,2293
01/02/2024;888,8251;313,1611;179,1385;1654,0108;0;0;0;0;0;0;0;3656,9863
01/03/2024;808,1107;281,8764;171,7105;1675,9827;0;0;0;0;0;0;0;3727,1064
01/04/2024;899,1556;293,3166;181,3407;1636,6153;0;0;0;0;0;0;0;3768,8353
01/05/2024;902,9127;268,3615;168,0719;1580,665;0;0;0;0;0;0;0;3715,5787
01/06/2024;874,0825;271,64;164,493;1629,524;0;0;0;0;0;0;0;3583,3015
01/07/2024;1036,616;307,4096;182,5213;1700,5943;0;0;0;0;0;0;0;4642,9294
01/08/2024;953,8671;301,9249;171,5243;1944,4597;0;0;0;0;0;0;0;4104,4031
01/09/2024;854,7058;308,4475;171,2408;1855,2971;0;0;0;0;0;0;0;3492,0482
01/10/2024;951,4465;338,4074;199,1997;1869,5149;17,4767;25,3051;0;0;0;0;0;3075,527
01/11/2024;965,4536;298,7214;200,9015;1848,4981;19,036;26,0464;0;0;0;0;0;3270,1345
01/12/2024;560,2834;244,4607;133,4804;1893,1928;19,3207;26,4334;68,2008;107,8069;0;0;0;2954,9461
01/01/2025;794,8318;290,8537;212,7187;1966,5248;20,482;28,1654;75,127;134,8114;0;0;0;3765,1049
01/02/2025;843,4772;311,2734;204,0499;1832,2051;19,6817;27,1174;74,0763;128,331;0;0;0;4225,1058
01/03/2025;819,8357;307,9435;213,1323;2007,8969;19,7681;28,5736;76,2193;134,1887;25,5587;0;0;4205,0647
01/04/2025;796,7873;260,9297;200,4511;1999,4159;16,2933;25,4534;64,9683;108,6725;24,2049;3,5237;0;3678,9858
01/05/2025;971,0076;292,9703;206,2245;2105,4436;14,8791;24,7978;63,6338;101,3732;26,091;4,1294;0;3961,1185
01/06/2025;837,9618;273,372;198,8111;2011,7538;14,5732;21,2765;58,6242;91,3083;22,5688;6,9953;0;4787,4196
01/07/2025;1018,9724;322,4436;209,791;2091,9541;15,4806;22,174;61,8907;94,3745;30,5157;9,7321;0;4483,4434
01/08/2025;948,2224;300,5589;189,3185;2083,7477;15,2204;21,4155;61,8209;98,0132;27,3606;7,1616;0;4044,4702
01/09/2025;954,3857;328,4195;211,9857;2171,421;15,0497;22,2117;61,9824;95,1957;29,3819;4,9907;0;3101,9534
01/10/2025;966,0898;325,6357;225,2134;2249,0597;16,5517;23,8601;66,9906;107,2818;29,7711;4,193;0;3486,248
01/11/2025;924,998;281,4543;190,9223;2117,2876;17,8677;24,3861;67,2863;115,499;22,409;5,8544;0;3334,3334
01/12/2025;726,0772;243,6187;129,6915;2179,267;21,2026;27,6566;79,4794;139,3044;15,5305;7,1587;0;3613,3998
01/01/2026;834,1691;307,7835;206,919;2162,0831;21,0646;27,6041;79,6091;137,639;18,8813;7,354;0,0588;3412,4133
01/02/2026;928,8542;307,9065;217,5448;1883,5916;19,3541;24,9032;72,7682;123,5692;27,4273;6,0214;29,2334;3688,1648
01/03/2026;1073,69;342,0623;258,2083;2045,513;22,5889;27,3805;83,3697;139,8849;32,229;6,3448;33,2136;4273,7387
01/04/2026;1000,6965;283,5161;258,2304;2010,7521;18,2275;24,4795;70,1271;116,7393;25,2958;4,6139;28,9283;3559,7355
01/05/2026;981,1715;280,8474;222,7352;2061,956;16,7014;21,591;64,5308;105,8499;33,0795;5,3914;27,5904;3724,9462
01/06/2026;949,2127;292,8613;203,4741;2174,3996;16,5025;19,4317;63,2768;98,5916;33,9613;6,9344;27,1513;4370,3023
01/07/2026;911,5889;323,1875;242,7753;2062,8859;17,6134;21,3516;66,3445;103,4574;37,0316;5,8948;27,7606;3977,109
01/08/2026;931,738;300,955;238,0626;2087,9611;18,5139;22,1658;67,9502;103,9466;30,3597;4,4737;26,7876;3412,983
01/09/2026;885,9925;287,2629;227,4804;1948,3166;17,8585;20,4236;63,0548;98,3317;31,4226;4,1894;26,182;3004,1043
