ANO;PLASBIL;PIETROBON;SIMONETTO;ITALAC;KANINHA;RECH;DANIELI;MASTER;PRIMAVERA;BB;CASELANI;LIQUIDA_MUX
2027;11696,6455;3577,0912;2988,4357;24083,6052;224,0472;285,2338;844,7875;1390,0948;379,1868;68,4240;322,9212;43857,4783
2028;12186,8219;3577,0912;3175,0451;24083,6052;224,0472;285,2338;844,7875;1390,0948;379,1868;68,4240;322,9212;43857,4783
2029;12676,9987;3577,0912;3321,4808;24083,6052;224,0472;285,2338;844,7875;1390,0948;379,1868;68,4240;322,9212;43857,4783
2030;13167,1751;3577,0912;3436,3913;24083,6052;224,0472;285,2338;844,7875;1390,0948;379,1868;68,4240;322,9212;43857,4783
2031;13657,3519;3577,0912;3526,5635;24083,6052;224,0472;285,2338;844,7875;1390,0948;379,1868;68,4240;322,9212;43857,4783
2032;14147,5280;3577,0912;3597,3231;24083,6052;224,0472;285,2338;844,7875;1390,0948;379,1868;68,4240;322,9212;43857,4783
2033;14637,7047;3577,0912;3652,8496;24083,6052;224,0472;285,2338;844,7875;1390,0948;379,1868;68,4240;322,9212;43857,4783
2034;15127,8812;3577,0912;3696,4220;24083,6052;224,0472;285,2338;844,7875;1390,0948;379,1868;68,4240;322,9212;43857,4783
2035;15618,0579;3577,0912;3730,6139;24083,6052;224,0472;285,2338;844,7875;1390,0948;379,1868;68,4240;322,9212;43857,4783
