MEDICAO;2027;2028;2029;2030;2031;2032;2033;2034;2035
PLASBIL;11696,6455;12186,8219;12676,9987;13167,1751;13657,3519;14147,5280;14637,7047;15127,8812;15618,0579
PIETROBON;3577,0912;3577,0912;3577,0912;3577,0912;3577,0912;3577,0912;3577,0912;3577,0912;3577,0912
SIMONETTO;2988,4357;3175,0451;3321,4808;3436,3913;3526,5635;3597,3231;3652,8496;3696,4220;3730,6139
ITALAC;24083,6052;24083,6052;24083,6052;24083,6052;24083,6052;24083,6052;24083,6052;24083,6052;24083,6052
KANINHA;224,0472;224,0472;224,0472;224,0472;224,0472;224,0472;224,0472;224,0472;224,0472
RECH;285,2338;285,2338;285,2338;285,2338;285,2338;285,2338;285,2338;285,2338;285,2338
DANIELI;844,7875;844,7875;844,7875;844,7875;844,7875;844,7875;844,7875;844,7875;844,7875
MASTER;1390,0948;1390,0948;1390,0948;1390,0948;1390,0948;1390,0948;1390,0948;1390,0948;1390,0948
PRIMAVERA;379,1868;379,1868;379,1868;379,1868;379,1868;379,1868;379,1868;379,1868;379,1868
BB;68,4240;68,4240;68,4240;68,4240;68,4240;68,4240;68,4240;68,4240;68,4240
CASELANI;322,9212;322,9212;322,9212;322,9212;322,9212;322,9212;322,9212;322,9212;322,9212
LIQUIDA_MUX;43857,4783;43857,4783;43857,4783;43857,4783;43857,4783;43857,4783;43857,4783;43857,4783;43857,4783
