MEDICAO;01/01/2027;01/02/2027;01/03/2027;01/04/2027;01/05/2027;01/06/2027;01/07/2027;01/08/2027;01/09/2027;01/10/2027;01/11/2027;01/12/2027;01/01/2028;01/02/2028;01/03/2028;01/04/2028;01/05/2028;01/06/2028;01/07/2028;01/08/2028;01/09/2028;01/10/2028;01/11/2028;01/12/2028;01/01/2029;01/02/2029;01/03/2029;01/04/2029;01/05/2029;01/06/2029;01/07/2029;01/08/2029;01/09/2029;01/10/2029;01/11/2029;01/12/2029;01/01/2030;01/02/2030;01/03/2030;01/04/2030;01/05/2030;01/06/2030;01/07/2030;01/08/2030;01/09/2030;01/10/2030;01/11/2030;01/12/2030;01/01/2031;01/02/2031;01/03/2031;01/04/2031;01/05/2031;01/06/2031;01/07/2031;01/08/2031;01/09/2031;01/10/2031;01/11/2031;01/12/2031;01/01/2032;01/02/2032;01/03/2032;01/04/2032;01/05/2032;01/06/2032;01/07/2032;01/08/2032;01/09/2032;01/10/2032;01/11/2032;01/12/2032;01/01/2033;01/02/2033;01/03/2033;01/04/2033;01/05/2033;01/06/2033;01/07/2033;01/08/2033;01/09/2033;01/10/2033;01/11/2033;01/12/2033;01/01/2034;01/02/2034;01/03/2034;01/04/2034;01/05/2034;01/06/2034;01/07/2034;01/08/2034;01/09/2034;01/10/2034;01/11/2034;01/12/2034;01/01/2035;01/02/2035;01/03/2035;01/04/2035;01/05/2035;01/06/2035;01/07/2035;01/08/2035;01/09/2035;01/10/2035;01/11/2035;01/12/2035
PLASBIL;902,7560;977,3241;1013,6219;934,1711;991,1169;985,6401;1046,8892;1036,5126;972,8001;1016,8195;1015,7396;803,2544;943,6041;1018,1721;1054,4699;975,0191;1031,9650;1026,4882;1087,7372;1077,3606;1013,6481;1057,6676;1056,5876;844,1024;984,4521;1059,0202;1095,3180;1015,8672;1072,8130;1067,3362;1128,5853;1118,2087;1054,4962;1098,5156;1097,4357;884,9505;1025,3002;1099,8682;1136,1660;1056,7152;1113,6611;1108,1843;1169,4333;1159,0567;1095,3442;1139,3637;1138,2837;925,7985;1066,1482;1140,7163;1177,0141;1097,5633;1154,5091;1149,0323;1210,2814;1199,9048;1136,1923;1180,2117;1179,1318;966,6466;1106,9962;1181,5643;1217,8621;1138,4113;1195,3571;1189,8804;1251,1294;1240,7528;1177,0403;1221,0597;1219,9798;1007,4946;1147,8443;1222,4123;1258,7102;1179,2594;1236,2052;1230,7284;1291,9774;1281,6008;1217,8883;1261,9078;1260,8279;1048,3427;1188,6923;1263,2604;1299,5582;1220,1074;1277,0532;1271,5765;1332,8255;1322,4489;1258,7364;1302,7558;1301,6759;1089,1907;1229,5404;1304,1084;1340,4063;1260,9555;1317,9013;1312,4245;1373,6735;1363,2969;1299,5844;1343,6039;1342,5240;1130,0388
PIETROBON;300,7754;310,0931;321,3847;273,9459;289,2776;280,4408;307,9612;311,4614;313,1628;321,8204;301,2553;245,5126;300,7754;310,0931;321,3847;273,9459;289,2776;280,4408;307,9612;311,4614;313,1628;321,8204;301,2553;245,5126;300,7754;310,0931;321,3847;273,9459;289,2776;280,4408;307,9612;311,4614;313,1628;321,8204;301,2553;245,5126;300,7754;310,0931;321,3847;273,9459;289,2776;280,4408;307,9612;311,4614;313,1628;321,8204;301,2553;245,5126;300,7754;310,0931;321,3847;273,9459;289,2776;280,4408;307,9612;311,4614;313,1628;321,8204;301,2553;245,5126;300,7754;310,0931;321,3847;273,9459;289,2776;280,4408;307,9612;311,4614;313,1628;321,8204;301,2553;245,5126;300,7754;310,0931;321,3847;273,9459;289,2776;280,4408;307,9612;311,4614;313,1628;321,8204;301,2553;245,5126;300,7754;310,0931;321,3847;273,9459;289,2776;280,4408;307,9612;311,4614;313,1628;321,8204;301,2553;245,5126;300,7754;310,0931;321,3847;273,9459;289,2776;280,4408;307,9612;311,4614;313,1628;321,8204;301,2553;245,5126
SIMONETTO;250,6425;256,1123;288,4705;277,6232;248,1035;230,9131;264,8790;250,7055;246,7601;266,8885;240,0779;167,2596;268,5551;273,9314;308,0133;295,9397;264,0472;245,3691;281,0357;265,6074;261,0552;281,9594;253,2943;176,2373;282,6114;287,9144;323,3488;310,3129;276,5586;256,7129;293,7142;277,3012;272,2729;293,7858;263,6655;183,2822;293,6417;298,8871;335,3829;321,5918;286,3765;265,6146;303,6632;286,4775;281,0755;303,0661;271,8039;188,8105;302,2973;307,4976;344,8262;330,4426;294,0807;272,6000;311,4704;293,6783;287,9831;310,3485;278,1902;193,1486;309,0895;314,2543;352,2366;337,3879;300,1263;278,0815;317,5968;299,3289;293,4036;316,0632;283,2017;196,5528;314,4195;319,5565;358,0516;342,8380;304,8705;282,3829;322,4043;303,7631;297,6572;320,5476;287,1343;199,2241;318,6020;323,7171;362,6147;347,1148;308,5933;285,7583;326,1768;307,2426;300,9951;324,0666;290,2203;201,3204;321,8841;326,9821;366,1955;350,4709;311,5146;288,4070;329,1372;309,9730;303,6143;326,8280;292,6419;202,9653
ITALAC;2006,9671;2006,9671;2006,9671;2006,9671;2006,9671;2006,9671;2006,9671;2006,9671;2006,9671;2006,9671;2006,9671;2006,9671;2006,9671;2006,9671;2006,9671;2006,9671;2006,9671;2006,9671;2006,9671;2006,9671;2006,9671;2006,9671;2006,9671;2006,9671;2006,9671;2006,9671;2006,9671;2006,9671;2006,9671;2006,9671;2006,9671;2006,9671;2006,9671;2006,9671;2006,9671;2006,9671;2006,9671;2006,9671;2006,9671;2006,9671;2006,9671;2006,9671;2006,9671;2006,9671;2006,9671;2006,9671;2006,9671;2006,9671;2006,9671;2006,9671;2006,9671;2006,9671;2006,9671;2006,9671;2006,9671;2006,9671;2006,9671;2006,9671;2006,9671;2006,9671;2006,9671;2006,9671;2006,9671;2006,9671;2006,9671;2006,9671;2006,9671;2006,9671;2006,9671;2006,9671;2006,9671;2006,9671;2006,9671;2006,9671;2006,9671;2006,9671;2006,9671;2006,9671;2006,9671;2006,9671;2006,9671;2006,9671;2006,9671;2006,9671;2006,9671;2006,9671;2006,9671;2006,9671;2006,9671;2006,9671;2006,9671;2006,9671;2006,9671;2006,9671;2006,9671;2006,9671;2006,9671;2006,9671;2006,9671;2006,9671;2006,9671;2006,9671;2006,9671;2006,9671;2006,9671;2006,9671;2006,9671;2006,9671
KANINHA;18,6706;18,6706;18,6706;18,6706;18,6706;18,6706;18,6706;18,6706;18,6706;18,6706;18,6706;18,6706;18,6706;18,6706;18,6706;18,6706;18,6706;18,6706;18,6706;18,6706;18,6706;18,6706;18,6706;18,6706;18,6706;18,6706;18,6706;18,6706;18,6706;18,6706;18,6706;18,6706;18,6706;18,6706;18,6706;18,6706;18,6706;18,6706;18,6706;18,6706;18,6706;18,6706;18,6706;18,6706;18,6706;18,6706;18,6706;18,6706;18,6706;18,6706;18,6706;18,6706;18,6706;18,6706;18,6706;18,6706;18,6706;18,6706;18,6706;18,6706;18,6706;18,6706;18,6706;18,6706;18,6706;18,6706;18,6706;18,6706;18,6706;18,6706;18,6706;18,6706;18,6706;18,6706;18,6706;18,6706;18,6706;18,6706;18,6706;18,6706;18,6706;18,6706;18,6706;18,6706;18,6706;18,6706;18,6706;18,6706;18,6706;18,6706;18,6706;18,6706;18,6706;18,6706;18,6706;18,6706;18,6706;18,6706;18,6706;18,6706;18,6706;18,6706;18,6706;18,6706;18,6706;18,6706;18,6706;18,6706
RECH;27,6041;24,9032;27,3805;24,4795;21,5910;19,4317;21,3516;22,1658;20,4236;23,8601;24,3861;27,6566;27,6041;24,9032;27,3805;24,4795;21,5910;19,4317;21,3516;22,1658;20,4236;23,8601;24,3861;27,6566;27,6041;24,9032;27,3805;24,4795;21,5910;19,4317;21,3516;22,1658;20,4236;23,8601;24,3861;27,6566;27,6041;24,9032;27,3805;24,4795;21,5910;19,4317;21,3516;22,1658;20,4236;23,8601;24,3861;27,6566;27,6041;24,9032;27,3805;24,4795;21,5910;19,4317;21,3516;22,1658;20,4236;23,8601;24,3861;27,6566;27,6041;24,9032;27,3805;24,4795;21,5910;19,4317;21,3516;22,1658;20,4236;23,8601;24,3861;27,6566;27,6041;24,9032;27,3805;24,4795;21,5910;19,4317;21,3516;22,1658;20,4236;23,8601;24,3861;27,6566;27,6041;24,9032;27,3805;24,4795;21,5910;19,4317;21,3516;22,1658;20,4236;23,8601;24,3861;27,6566;27,6041;24,9032;27,3805;24,4795;21,5910;19,4317;21,3516;22,1658;20,4236;23,8601;24,3861;27,6566
DANIELI;79,6091;72,7682;83,3697;70,1271;64,5308;63,2768;66,3445;67,9502;63,0548;66,9906;67,2863;79,4794;79,6091;72,7682;83,3697;70,1271;64,5308;63,2768;66,3445;67,9502;63,0548;66,9906;67,2863;79,4794;79,6091;72,7682;83,3697;70,1271;64,5308;63,2768;66,3445;67,9502;63,0548;66,9906;67,2863;79,4794;79,6091;72,7682;83,3697;70,1271;64,5308;63,2768;66,3445;67,9502;63,0548;66,9906;67,2863;79,4794;79,6091;72,7682;83,3697;70,1271;64,5308;63,2768;66,3445;67,9502;63,0548;66,9906;67,2863;79,4794;79,6091;72,7682;83,3697;70,1271;64,5308;63,2768;66,3445;67,9502;63,0548;66,9906;67,2863;79,4794;79,6091;72,7682;83,3697;70,1271;64,5308;63,2768;66,3445;67,9502;63,0548;66,9906;67,2863;79,4794;79,6091;72,7682;83,3697;70,1271;64,5308;63,2768;66,3445;67,9502;63,0548;66,9906;67,2863;79,4794;79,6091;72,7682;83,3697;70,1271;64,5308;63,2768;66,3445;67,9502;63,0548;66,9906;67,2863;79,4794
MASTER;137,6390;123,5692;139,8849;116,7393;105,8499;98,5916;103,4574;103,9466;98,3317;107,2818;115,4990;139,3044;137,6390;123,5692;139,8849;116,7393;105,8499;98,5916;103,4574;103,9466;98,3317;107,2818;115,4990;139,3044;137,6390;123,5692;139,8849;116,7393;105,8499;98,5916;103,4574;103,9466;98,3317;107,2818;115,4990;139,3044;137,6390;123,5692;139,8849;116,7393;105,8499;98,5916;103,4574;103,9466;98,3317;107,2818;115,4990;139,3044;137,6390;123,5692;139,8849;116,7393;105,8499;98,5916;103,4574;103,9466;98,3317;107,2818;115,4990;139,3044;137,6390;123,5692;139,8849;116,7393;105,8499;98,5916;103,4574;103,9466;98,3317;107,2818;115,4990;139,3044;137,6390;123,5692;139,8849;116,7393;105,8499;98,5916;103,4574;103,9466;98,3317;107,2818;115,4990;139,3044;137,6390;123,5692;139,8849;116,7393;105,8499;98,5916;103,4574;103,9466;98,3317;107,2818;115,4990;139,3044;137,6390;123,5692;139,8849;116,7393;105,8499;98,5916;103,4574;103,9466;98,3317;107,2818;115,4990;139,3044
PRIMAVERA;31,5989;31,5989;31,5989;31,5989;31,5989;31,5989;31,5989;31,5989;31,5989;31,5989;31,5989;31,5989;31,5989;31,5989;31,5989;31,5989;31,5989;31,5989;31,5989;31,5989;31,5989;31,5989;31,5989;31,5989;31,5989;31,5989;31,5989;31,5989;31,5989;31,5989;31,5989;31,5989;31,5989;31,5989;31,5989;31,5989;31,5989;31,5989;31,5989;31,5989;31,5989;31,5989;31,5989;31,5989;31,5989;31,5989;31,5989;31,5989;31,5989;31,5989;31,5989;31,5989;31,5989;31,5989;31,5989;31,5989;31,5989;31,5989;31,5989;31,5989;31,5989;31,5989;31,5989;31,5989;31,5989;31,5989;31,5989;31,5989;31,5989;31,5989;31,5989;31,5989;31,5989;31,5989;31,5989;31,5989;31,5989;31,5989;31,5989;31,5989;31,5989;31,5989;31,5989;31,5989;31,5989;31,5989;31,5989;31,5989;31,5989;31,5989;31,5989;31,5989;31,5989;31,5989;31,5989;31,5989;31,5989;31,5989;31,5989;31,5989;31,5989;31,5989;31,5989;31,5989;31,5989;31,5989;31,5989;31,5989
BB;5,7020;5,7020;5,7020;5,7020;5,7020;5,7020;5,7020;5,7020;5,7020;5,7020;5,7020;5,7020;5,7020;5,7020;5,7020;5,7020;5,7020;5,7020;5,7020;5,7020;5,7020;5,7020;5,7020;5,7020;5,7020;5,7020;5,7020;5,7020;5,7020;5,7020;5,7020;5,7020;5,7020;5,7020;5,7020;5,7020;5,7020;5,7020;5,7020;5,7020;5,7020;5,7020;5,7020;5,7020;5,7020;5,7020;5,7020;5,7020;5,7020;5,7020;5,7020;5,7020;5,7020;5,7020;5,7020;5,7020;5,7020;5,7020;5,7020;5,7020;5,7020;5,7020;5,7020;5,7020;5,7020;5,7020;5,7020;5,7020;5,7020;5,7020;5,7020;5,7020;5,7020;5,7020;5,7020;5,7020;5,7020;5,7020;5,7020;5,7020;5,7020;5,7020;5,7020;5,7020;5,7020;5,7020;5,7020;5,7020;5,7020;5,7020;5,7020;5,7020;5,7020;5,7020;5,7020;5,7020;5,7020;5,7020;5,7020;5,7020;5,7020;5,7020;5,7020;5,7020;5,7020;5,7020;5,7020;5,7020
CASELANI;26,9101;26,9101;26,9101;26,9101;26,9101;26,9101;26,9101;26,9101;26,9101;26,9101;26,9101;26,9101;26,9101;26,9101;26,9101;26,9101;26,9101;26,9101;26,9101;26,9101;26,9101;26,9101;26,9101;26,9101;26,9101;26,9101;26,9101;26,9101;26,9101;26,9101;26,9101;26,9101;26,9101;26,9101;26,9101;26,9101;26,9101;26,9101;26,9101;26,9101;26,9101;26,9101;26,9101;26,9101;26,9101;26,9101;26,9101;26,9101;26,9101;26,9101;26,9101;26,9101;26,9101;26,9101;26,9101;26,9101;26,9101;26,9101;26,9101;26,9101;26,9101;26,9101;26,9101;26,9101;26,9101;26,9101;26,9101;26,9101;26,9101;26,9101;26,9101;26,9101;26,9101;26,9101;26,9101;26,9101;26,9101;26,9101;26,9101;26,9101;26,9101;26,9101;26,9101;26,9101;26,9101;26,9101;26,9101;26,9101;26,9101;26,9101;26,9101;26,9101;26,9101;26,9101;26,9101;26,9101;26,9101;26,9101;26,9101;26,9101;26,9101;26,9101;26,9101;26,9101;26,9101;26,9101;26,9101;26,9101
LIQUIDA_MUX;3412,4133;3688,1648;4273,7387;3559,7355;3724,9462;4370,3023;3977,1090;3412,9830;3004,1043;3486,2480;3334,3334;3613,3998;3412,4133;3688,1648;4273,7387;3559,7355;3724,9462;4370,3023;3977,1090;3412,9830;3004,1043;3486,2480;3334,3334;3613,3998;3412,4133;3688,1648;4273,7387;3559,7355;3724,9462;4370,3023;3977,1090;3412,9830;3004,1043;3486,2480;3334,3334;3613,3998;3412,4133;3688,1648;4273,7387;3559,7355;3724,9462;4370,3023;3977,1090;3412,9830;3004,1043;3486,2480;3334,3334;3613,3998;3412,4133;3688,1648;4273,7387;3559,7355;3724,9462;4370,3023;3977,1090;3412,9830;3004,1043;3486,2480;3334,3334;3613,3998;3412,4133;3688,1648;4273,7387;3559,7355;3724,9462;4370,3023;3977,1090;3412,9830;3004,1043;3486,2480;3334,3334;3613,3998;3412,4133;3688,1648;4273,7387;3559,7355;3724,9462;4370,3023;3977,1090;3412,9830;3004,1043;3486,2480;3334,3334;3613,3998;3412,4133;3688,1648;4273,7387;3559,7355;3724,9462;4370,3023;3977,1090;3412,9830;3004,1043;3486,2480;3334,3334;3613,3998;3412,4133;3688,1648;4273,7387;3559,7355;3724,9462;4370,3023;3977,1090;3412,9830;3004,1043;3486,2480;3334,3334;3613,3998
