DATA;MUX;PLASBIL;PIETROBON;SIMONETTO;ITALAC;KANINHA;RECH;DANIELI;MASTER;PRIMAVERA;BB;CASELANI;LIQUIDA_MUX
01/10/2027;7920,5867;1016,8195;321,8204;266,8885;2006,9671;18,6706;23,8601;66,9906;107,2818;31,5989;5,7020;26,9101;4027,0771
01/11/2027;7945,0510;1015,7396;301,2553;240,0779;2006,9671;18,6706;24,3861;67,2863;115,4990;31,5989;5,7020;26,9101;4090,9582
01/12/2027;7969,5153;803,2544;245,5126;167,2596;2006,9671;18,6706;27,6566;79,4794;139,3044;31,5989;5,7020;26,9101;4417,1997
01/01/2028;7993,9797;943,6041;300,7754;268,5551;2006,9671;18,6706;27,6041;79,6091;137,6390;31,5989;5,7020;26,9101;4146,3442
01/02/2028;8018,4440;1018,1721;310,0931;273,9314;2006,9671;18,6706;24,9032;72,7682;123,5692;31,5989;5,7020;26,9101;4105,1581
01/03/2028;8042,9083;1054,4699;321,3847;308,0133;2006,9671;18,6706;27,3805;83,3697;139,8849;31,5989;5,7020;26,9101;4018,5566
01/04/2028;8067,3726;975,0191;273,9459;295,9397;2006,9671;18,6706;24,4795;70,1271;116,7393;31,5989;5,7020;26,9101;4221,2734
01/05/2028;8091,8370;1031,9650;289,2776;264,0472;2006,9671;18,6706;21,5910;64,5308;105,8499;31,5989;5,7020;26,9101;4224,7268
01/06/2028;8116,3013;1026,4882;280,4408;245,3691;2006,9671;18,6706;19,4317;63,2768;98,5916;31,5989;5,7020;26,9101;4292,8545
01/07/2028;8140,7656;1087,7372;307,9612;281,0357;2006,9671;18,6706;21,3516;66,3445;103,4574;31,5989;5,7020;26,9101;4183,0294
01/08/2028;8165,2300;1077,3606;311,4614;265,6074;2006,9671;18,6706;22,1658;67,9502;103,9466;31,5989;5,7020;26,9101;4226,8893
01/09/2028;8189,6943;1013,6481;313,1628;261,0552;2006,9671;18,6706;20,4236;63,0548;98,3317;31,5989;5,7020;26,9101;4330,1694
01/10/2028;8214,1586;1057,6676;321,8204;281,9594;2006,9671;18,6706;23,8601;66,9906;107,2818;31,5989;5,7020;26,9101;4264,7301
01/11/2028;8238,6230;1056,5876;301,2553;253,2943;2006,9671;18,6706;24,3861;67,2863;115,4990;31,5989;5,7020;26,9101;4330,4657
01/12/2028;8263,0873;844,1024;245,5126;176,2373;2006,9671;18,6706;27,6566;79,4794;139,3044;31,5989;5,7020;26,9101;4660,9459
01/01/2029;8287,5516;984,4521;300,7754;282,6114;2006,9671;18,6706;27,6041;79,6091;137,6390;31,5989;5,7020;26,9101;4385,0118
01/02/2029;8312,0159;1059,0202;310,0931;287,9144;2006,9671;18,6706;24,9032;72,7682;123,5692;31,5989;5,7020;26,9101;4343,8990
01/03/2029;8336,4803;1095,3180;321,3847;323,3488;2006,9671;18,6706;27,3805;83,3697;139,8849;31,5989;5,7020;26,9101;4255,9450
01/04/2029;8360,9446;1015,8672;273,9459;310,3129;2006,9671;18,6706;24,4795;70,1271;116,7393;31,5989;5,7020;26,9101;4459,6241
01/05/2029;8385,4089;1072,8130;289,2776;276,5586;2006,9671;18,6706;21,5910;64,5308;105,8499;31,5989;5,7020;26,9101;4464,9394
01/06/2029;8409,8733;1067,3362;280,4408;256,7129;2006,9671;18,6706;19,4317;63,2768;98,5916;31,5989;5,7020;26,9101;4534,2346
01/07/2029;8434,3376;1128,5853;307,9612;293,7142;2006,9671;18,6706;21,3516;66,3445;103,4574;31,5989;5,7020;26,9101;4423,0748
01/08/2029;8458,8019;1118,2087;311,4614;277,3012;2006,9671;18,6706;22,1658;67,9502;103,9466;31,5989;5,7020;26,9101;4467,9194
01/09/2029;8483,2663;1054,4962;313,1628;272,2729;2006,9671;18,6706;20,4236;63,0548;98,3317;31,5989;5,7020;26,9101;4571,6757
01/10/2029;8507,7306;1098,5156;321,8204;293,7858;2006,9671;18,6706;23,8601;66,9906;107,2818;31,5989;5,7020;26,9101;4505,6277
01/11/2029;8532,1949;1097,4357;301,2553;263,6655;2006,9671;18,6706;24,3861;67,2863;115,4990;31,5989;5,7020;26,9101;4572,8185
01/12/2029;8556,6592;884,9505;245,5126;183,2822;2006,9671;18,6706;27,6566;79,4794;139,3044;31,5989;5,7020;26,9101;4906,6249
01/01/2030;8581,1236;1025,3002;300,7754;293,6417;2006,9671;18,6706;27,6041;79,6091;137,6390;31,5989;5,7020;26,9101;4626,7054
01/02/2030;8605,5879;1099,8682;310,0931;298,8871;2006,9671;18,6706;24,9032;72,7682;123,5692;31,5989;5,7020;26,9101;4585,6502
01/03/2030;8630,0522;1136,1660;321,3847;335,3829;2006,9671;18,6706;27,3805;83,3697;139,8849;31,5989;5,7020;26,9101;4496,6349
01/04/2030;8654,5166;1056,7152;273,9459;321,5918;2006,9671;18,6706;24,4795;70,1271;116,7393;31,5989;5,7020;26,9101;4701,0691
01/05/2030;8678,9809;1113,6611;289,2776;286,3765;2006,9671;18,6706;21,5910;64,5308;105,8499;31,5989;5,7020;26,9101;4707,8454
01/06/2030;8703,4452;1108,1843;280,4408;265,6146;2006,9671;18,6706;19,4317;63,2768;98,5916;31,5989;5,7020;26,9101;4778,0568
01/07/2030;8727,9096;1169,4333;307,9612;303,6632;2006,9671;18,6706;21,3516;66,3445;103,4574;31,5989;5,7020;26,9101;4665,8497
01/08/2030;8752,3739;1159,0567;311,4614;286,4775;2006,9671;18,6706;22,1658;67,9502;103,9466;31,5989;5,7020;26,9101;4711,4670
01/09/2030;8776,8382;1095,3442;313,1628;281,0755;2006,9671;18,6706;20,4236;63,0548;98,3317;31,5989;5,7020;26,9101;4815,5969
01/10/2030;8801,3025;1139,3637;321,8204;303,0661;2006,9671;18,6706;23,8601;66,9906;107,2818;31,5989;5,7020;26,9101;4749,0712
01/11/2030;8825,7669;1138,2837;301,2553;271,8039;2006,9671;18,6706;24,3861;67,2863;115,4990;31,5989;5,7020;26,9101;4817,4040
01/12/2030;8850,2312;925,7985;245,5126;188,8105;2006,9671;18,6706;27,6566;79,4794;139,3044;31,5989;5,7020;26,9101;5153,8205
01/01/2031;8874,6955;1066,1482;300,7754;302,2973;2006,9671;18,6706;27,6041;79,6091;137,6390;31,5989;5,7020;26,9101;4870,7737
01/02/2031;8899,1599;1140,7163;310,0931;307,4976;2006,9671;18,6706;24,9032;72,7682;123,5692;31,5989;5,7020;26,9101;4829,7637
01/03/2031;8923,6242;1177,0141;321,3847;344,8262;2006,9671;18,6706;27,3805;83,3697;139,8849;31,5989;5,7020;26,9101;4739,9155
01/04/2031;8948,0885;1097,5633;273,9459;330,4426;2006,9671;18,6706;24,4795;70,1271;116,7393;31,5989;5,7020;26,9101;4944,9423
01/05/2031;8972,5529;1154,5091;289,2776;294,0807;2006,9671;18,6706;21,5910;64,5308;105,8499;31,5989;5,7020;26,9101;4952,8651
01/06/2031;8997,0172;1149,0323;280,4408;272,6000;2006,9671;18,6706;19,4317;63,2768;98,5916;31,5989;5,7020;26,9101;5023,7954
01/07/2031;9021,4815;1210,2814;307,9612;311,4704;2006,9671;18,6706;21,3516;66,3445;103,4574;31,5989;5,7020;26,9101;4910,7665
01/08/2031;9045,9458;1199,9048;311,4614;293,6783;2006,9671;18,6706;22,1658;67,9502;103,9466;31,5989;5,7020;26,9101;4956,9901
01/09/2031;9070,4102;1136,1923;313,1628;287,9831;2006,9671;18,6706;20,4236;63,0548;98,3317;31,5989;5,7020;26,9101;5061,4133
01/10/2031;9094,8745;1180,2117;321,8204;310,3485;2006,9671;18,6706;23,8601;66,9906;107,2818;31,5989;5,7020;26,9101;4994,5127
01/11/2031;9119,3388;1179,1318;301,2553;278,1902;2006,9671;18,6706;24,3861;67,2863;115,4990;31,5989;5,7020;26,9101;5063,7415
01/12/2031;9143,8032;966,6466;245,5126;193,1486;2006,9671;18,6706;27,6566;79,4794;139,3044;31,5989;5,7020;26,9101;5402,2063
01/01/2032;9168,2675;1106,9962;300,7754;309,0895;2006,9671;18,6706;27,6041;79,6091;137,6390;31,5989;5,7020;26,9101;5116,7054
01/02/2032;9192,7318;1181,5643;310,0931;314,2543;2006,9671;18,6706;24,9032;72,7682;123,5692;31,5989;5,7020;26,9101;5075,7309
01/03/2032;9217,1962;1217,8621;321,3847;352,2366;2006,9671;18,6706;27,3805;83,3697;139,8849;31,5989;5,7020;26,9101;4985,2290
01/04/2032;9241,6605;1138,4113;273,9459;337,3879;2006,9671;18,6706;24,4795;70,1271;116,7393;31,5989;5,7020;26,9101;5190,7208
01/05/2032;9266,1248;1195,3571;289,2776;300,1263;2006,9671;18,6706;21,5910;64,5308;105,8499;31,5989;5,7020;26,9101;5199,5433
01/06/2032;9290,5891;1189,8804;280,4408;278,0815;2006,9671;18,6706;19,4317;63,2768;98,5916;31,5989;5,7020;26,9101;5271,0378
01/07/2032;9315,0535;1251,1294;307,9612;317,5968;2006,9671;18,6706;21,3516;66,3445;103,4574;31,5989;5,7020;26,9101;5157,3640
01/08/2032;9339,5178;1240,7528;311,4614;299,3289;2006,9671;18,6706;22,1658;67,9502;103,9466;31,5989;5,7020;26,9101;5204,0634
01/09/2032;9363,9821;1177,0403;313,1628;293,4036;2006,9671;18,6706;20,4236;63,0548;98,3317;31,5989;5,7020;26,9101;5308,7167
01/10/2032;9388,4465;1221,0597;321,8204;316,0632;2006,9671;18,6706;23,8601;66,9906;107,2818;31,5989;5,7020;26,9101;5241,5220
01/11/2032;9412,9108;1219,9798;301,2553;283,2017;2006,9671;18,6706;24,3861;67,2863;115,4990;31,5989;5,7020;26,9101;5311,4540
01/12/2032;9437,3751;1007,4946;245,5126;196,5528;2006,9671;18,6706;27,6566;79,4794;139,3044;31,5989;5,7020;26,9101;5651,5260
01/01/2033;9461,8395;1147,8443;300,7754;314,4195;2006,9671;18,6706;27,6041;79,6091;137,6390;31,5989;5,7020;26,9101;5364,0994
01/02/2033;9486,3038;1222,4123;310,0931;319,5565;2006,9671;18,6706;24,9032;72,7682;123,5692;31,5989;5,7020;26,9101;5323,1526
01/03/2033;9510,7681;1258,7102;321,3847;358,0516;2006,9671;18,6706;27,3805;83,3697;139,8849;31,5989;5,7020;26,9101;5232,1379
01/04/2033;9535,2324;1179,2594;273,9459;342,8380;2006,9671;18,6706;24,4795;70,1271;116,7393;31,5989;5,7020;26,9101;5437,9946
01/05/2033;9559,6968;1236,2052;289,2776;304,8705;2006,9671;18,6706;21,5910;64,5308;105,8499;31,5989;5,7020;26,9101;5447,5231
01/06/2033;9584,1611;1230,7284;280,4408;282,3829;2006,9671;18,6706;19,4317;63,2768;98,5916;31,5989;5,7020;26,9101;5519,4603
01/07/2033;9608,6254;1291,9774;307,9612;322,4043;2006,9671;18,6706;21,3516;66,3445;103,4574;31,5989;5,7020;26,9101;5405,2804
01/08/2033;9633,0898;1281,6008;311,4614;303,7631;2006,9671;18,6706;22,1658;67,9502;103,9466;31,5989;5,7020;26,9101;5452,3532
01/09/2033;9657,5541;1217,8883;313,1628;297,6572;2006,9671;18,6706;20,4236;63,0548;98,3317;31,5989;5,7020;26,9101;5557,1870
01/10/2033;9682,0184;1261,9078;321,8204;320,5476;2006,9671;18,6706;23,8601;66,9906;107,2818;31,5989;5,7020;26,9101;5489,7615
01/11/2033;9706,4828;1260,8279;301,2553;287,1343;2006,9671;18,6706;24,3861;67,2863;115,4990;31,5989;5,7020;26,9101;5560,2453
01/12/2033;9730,9471;1048,3427;245,5126;199,2241;2006,9671;18,6706;27,6566;79,4794;139,3044;31,5989;5,7020;26,9101;5901,5786
01/01/2034;9755,4114;1188,6923;300,7754;318,6020;2006,9671;18,6706;27,6041;79,6091;137,6390;31,5989;5,7020;26,9101;5612,6408
01/02/2034;9779,8757;1263,2604;310,0931;323,7171;2006,9671;18,6706;24,9032;72,7682;123,5692;31,5989;5,7020;26,9101;5571,7159
01/03/2034;9804,3401;1299,5582;321,3847;362,6147;2006,9671;18,6706;27,3805;83,3697;139,8849;31,5989;5,7020;26,9101;5480,2987
01/04/2034;9828,8044;1220,1074;273,9459;347,1148;2006,9671;18,6706;24,4795;70,1271;116,7393;31,5989;5,7020;26,9101;5686,4417
01/05/2034;9853,2687;1277,0532;289,2776;308,5933;2006,9671;18,6706;21,5910;64,5308;105,8499;31,5989;5,7020;26,9101;5696,5243
01/06/2034;9877,7331;1271,5765;280,4408;285,7583;2006,9671;18,6706;19,4317;63,2768;98,5916;31,5989;5,7020;26,9101;5768,8088
01/07/2034;9902,1974;1332,8255;307,9612;326,1768;2006,9671;18,6706;21,3516;66,3445;103,4574;31,5989;5,7020;26,9101;5654,2318
01/08/2034;9926,6617;1322,4489;311,4614;307,2426;2006,9671;18,6706;22,1658;67,9502;103,9466;31,5989;5,7020;26,9101;5701,5976
01/09/2034;9951,1261;1258,7364;313,1628;300,9951;2006,9671;18,6706;20,4236;63,0548;98,3317;31,5989;5,7020;26,9101;5806,5731
01/10/2034;9975,5904;1302,7558;321,8204;324,0666;2006,9671;18,6706;23,8601;66,9906;107,2818;31,5989;5,7020;26,9101;5738,9664
01/11/2034;10000,0547;1301,6759;301,2553;290,2203;2006,9671;18,6706;24,3861;67,2863;115,4990;31,5989;5,7020;26,9101;5809,8832
01/12/2034;10024,5190;1089,1907;245,5126;201,3204;2006,9671;18,6706;27,6566;79,4794;139,3044;31,5989;5,7020;26,9101;6152,2063
01/01/2035;10048,9834;1229,5404;300,7754;321,8841;2006,9671;18,6706;27,6041;79,6091;137,6390;31,5989;5,7020;26,9101;5862,0826
01/02/2035;10073,4477;1304,1084;310,0931;326,9821;2006,9671;18,6706;24,9032;72,7682;123,5692;31,5989;5,7020;26,9101;5821,1748
01/03/2035;10097,9120;1340,4063;321,3847;366,1955;2006,9671;18,6706;27,3805;83,3697;139,8849;31,5989;5,7020;26,9101;5729,4419
01/04/2035;10122,3764;1260,9555;273,9459;350,4709;2006,9671;18,6706;24,4795;70,1271;116,7393;31,5989;5,7020;26,9101;5935,8096
01/05/2035;10146,8407;1317,9013;289,2776;311,5146;2006,9671;18,6706;21,5910;64,5308;105,8499;31,5989;5,7020;26,9101;5946,3268
01/06/2035;10171,3050;1312,4245;280,4408;288,4070;2006,9671;18,6706;19,4317;63,2768;98,5916;31,5989;5,7020;26,9101;6018,8840
01/07/2035;10195,7694;1373,6735;307,9612;329,1372;2006,9671;18,6706;21,3516;66,3445;103,4574;31,5989;5,7020;26,9101;5903,9953
01/08/2035;10220,2337;1363,2969;311,4614;309,9730;2006,9671;18,6706;22,1658;67,9502;103,9466;31,5989;5,7020;26,9101;5951,5910
01/09/2035;10244,6980;1299,5844;313,1628;303,6143;2006,9671;18,6706;20,4236;63,0548;98,3317;31,5989;5,7020;26,9101;6056,6777
01/10/2035;10269,1623;1343,6039;321,8204;326,8280;2006,9671;18,6706;23,8601;66,9906;107,2818;31,5989;5,7020;26,9101;5988,9290
01/11/2035;10293,6267;1342,5240;301,2553;292,6419;2006,9671;18,6706;24,3861;67,2863;115,4990;31,5989;5,7020;26,9101;6060,1855
01/12/2035;10318,0910;1130,0388;245,5126;202,9653;2006,9671;18,6706;27,6566;79,4794;139,3044;31,5989;5,7020;26,9101;6403,2852
