DATA;DANIELI
01/01/2027;79,6091
01/02/2027;72,7682
01/03/2027;83,3697
01/04/2027;70,1271
01/05/2027;64,5308
01/06/2027;63,2768
01/07/2027;66,3445
01/08/2027;67,9502
01/09/2027;63,0548
01/10/2027;66,9906
01/11/2027;67,2863
01/12/2027;79,4794
01/01/2028;79,6091
01/02/2028;72,7682
01/03/2028;83,3697
01/04/2028;70,1271
01/05/2028;64,5308
01/06/2028;63,2768
01/07/2028;66,3445
01/08/2028;67,9502
01/09/2028;63,0548
01/10/2028;66,9906
01/11/2028;67,2863
01/12/2028;79,4794
01/01/2029;79,6091
01/02/2029;72,7682
01/03/2029;83,3697
01/04/2029;70,1271
01/05/2029;64,5308
01/06/2029;63,2768
01/07/2029;66,3445
01/08/2029;67,9502
01/09/2029;63,0548
01/10/2029;66,9906
01/11/2029;67,2863
01/12/2029;79,4794
01/01/2030;79,6091
01/02/2030;72,7682
01/03/2030;83,3697
01/04/2030;70,1271
01/05/2030;64,5308
01/06/2030;63,2768
01/07/2030;66,3445
01/08/2030;67,9502
01/09/2030;63,0548
01/10/2030;66,9906
01/11/2030;67,2863
01/12/2030;79,4794
01/01/2031;79,6091
01/02/2031;72,7682
01/03/2031;83,3697
01/04/2031;70,1271
01/05/2031;64,5308
01/06/2031;63,2768
01/07/2031;66,3445
01/08/2031;67,9502
01/09/2031;63,0548
01/10/2031;66,9906
01/11/2031;67,2863
01/12/2031;79,4794
01/01/2032;79,6091
01/02/2032;72,7682
01/03/2032;83,3697
01/04/2032;70,1271
01/05/2032;64,5308
01/06/2032;63,2768
01/07/2032;66,3445
01/08/2032;67,9502
01/09/2032;63,0548
01/10/2032;66,9906
01/11/2032;67,2863
01/12/2032;79,4794
01/01/2033;79,6091
01/02/2033;72,7682
01/03/2033;83,3697
01/04/2033;70,1271
01/05/2033;64,5308
01/06/2033;63,2768
01/07/2033;66,3445
01/08/2033;67,9502
01/09/2033;63,0548
01/10/2033;66,9906
01/11/2033;67,2863
01/12/2033;79,4794
01/01/2034;79,6091
01/02/2034;72,7682
01/03/2034;83,3697
01/04/2034;70,1271
01/05/2034;64,5308
01/06/2034;63,2768
01/07/2034;66,3445
01/08/2034;67,9502
01/09/2034;63,0548
01/10/2034;66,9906
01/11/2034;67,2863
01/12/2034;79,4794
01/01/2035;79,6091
01/02/2035;72,7682
01/03/2035;83,3697
01/04/2035;70,1271
01/05/2035;64,5308
01/06/2035;63,2768
01/07/2035;66,3445
01/08/2035;67,9502
01/09/2035;63,0548
01/10/2035;66,9906
01/11/2035;67,2863
01/12/2035;79,4794
