DATA;ITALAC
01/01/2027;2231,9246
01/02/2027;2245,8657
01/03/2027;2259,8068
01/04/2027;2273,7480
01/05/2027;2287,6891
01/06/2027;2301,6302
01/07/2027;2315,5714
01/08/2027;2329,5125
01/09/2027;2343,4537
01/10/2027;2357,3948
01/11/2027;2371,3359
01/12/2027;2385,2771
01/01/2028;2399,2182
01/02/2028;2413,1594
01/03/2028;2427,1005
01/04/2028;2441,0416
01/05/2028;2454,9828
01/06/2028;2468,9239
01/07/2028;2482,8650
01/08/2028;2496,8062
01/09/2028;2510,7473
01/10/2028;2524,6885
01/11/2028;2538,6296
01/12/2028;2552,5707
01/01/2029;2566,5119
01/02/2029;2580,4530
01/03/2029;2594,3941
01/04/2029;2608,3353
01/05/2029;2622,2764
01/06/2029;2636,2176
01/07/2029;2650,1587
01/08/2029;2664,0998
01/09/2029;2678,0410
01/10/2029;2691,9821
01/11/2029;2705,9233
01/12/2029;2719,8644
01/01/2030;2733,8055
01/02/2030;2747,7467
01/03/2030;2761,6878
01/04/2030;2775,6289
01/05/2030;2789,5701
01/06/2030;2803,5112
01/07/2030;2817,4524
01/08/2030;2831,3935
01/09/2030;2845,3346
01/10/2030;2859,2758
01/11/2030;2873,2169
01/12/2030;2887,1581
01/01/2031;2901,0992
01/02/2031;2915,0403
01/03/2031;2928,9815
01/04/2031;2942,9226
01/05/2031;2956,8637
01/06/2031;2970,8049
01/07/2031;2984,7460
01/08/2031;2998,6872
01/09/2031;3012,6283
01/10/2031;3026,5694
01/11/2031;3040,5106
01/12/2031;3054,4517
01/01/2032;3068,3928
01/02/2032;3082,3340
01/03/2032;3096,2751
01/04/2032;3110,2163
01/05/2032;3124,1574
01/06/2032;3138,0985
01/07/2032;3152,0397
01/08/2032;3165,9808
01/09/2032;3179,9220
01/10/2032;3193,8631
01/11/2032;3207,8042
01/12/2032;3221,7454
01/01/2033;3235,6865
01/02/2033;3249,6276
01/03/2033;3263,5688
01/04/2033;3277,5099
01/05/2033;3291,4511
01/06/2033;3305,3922
01/07/2033;3319,3333
01/08/2033;3333,2745
01/09/2033;3347,2156
01/10/2033;3361,1568
01/11/2033;3375,0979
01/12/2033;3389,0390
01/01/2034;3402,9802
01/02/2034;3416,9213
01/03/2034;3430,8624
01/04/2034;3444,8036
01/05/2034;3458,7447
01/06/2034;3472,6859
01/07/2034;3486,6270
01/08/2034;3500,5681
01/09/2034;3514,5093
01/10/2034;3528,4504
01/11/2034;3542,3915
01/12/2034;3556,3327
01/01/2035;3570,2738
01/02/2035;3584,2150
01/03/2035;3598,1561
01/04/2035;3612,0972
01/05/2035;3626,0384
01/06/2035;3639,9795
01/07/2035;3653,9207
01/08/2035;3667,8618
01/09/2035;3681,8029
01/10/2035;3695,7441
01/11/2035;3709,6852
01/12/2035;3723,6263
