DATA;KANINHA
01/10/2027;17,9506
01/11/2027;17,9562
01/12/2027;17,9619
01/01/2028;17,9675
01/02/2028;17,9732
01/03/2028;17,9788
01/04/2028;17,9845
01/05/2028;17,9901
01/06/2028;17,9958
01/07/2028;18,0014
01/08/2028;18,0071
01/09/2028;18,0128
01/10/2028;18,0184
01/11/2028;18,0241
01/12/2028;18,0297
01/01/2029;18,0354
01/02/2029;18,0410
01/03/2029;18,0467
01/04/2029;18,0523
01/05/2029;18,0580
01/06/2029;18,0637
01/07/2029;18,0693
01/08/2029;18,0750
01/09/2029;18,0806
01/10/2029;18,0863
01/11/2029;18,0919
01/12/2029;18,0976
01/01/2030;18,1032
01/02/2030;18,1089
01/03/2030;18,1146
01/04/2030;18,1202
01/05/2030;18,1259
01/06/2030;18,1315
01/07/2030;18,1372
01/08/2030;18,1428
01/09/2030;18,1485
01/10/2030;18,1541
01/11/2030;18,1598
01/12/2030;18,1655
01/01/2031;18,1711
01/02/2031;18,1768
01/03/2031;18,1824
01/04/2031;18,1881
01/05/2031;18,1937
01/06/2031;18,1994
01/07/2031;18,2050
01/08/2031;18,2107
01/09/2031;18,2164
01/10/2031;18,2220
01/11/2031;18,2277
01/12/2031;18,2333
01/01/2032;18,2390
01/02/2032;18,2446
01/03/2032;18,2503
01/04/2032;18,2559
01/05/2032;18,2616
01/06/2032;18,2673
01/07/2032;18,2729
01/08/2032;18,2786
01/09/2032;18,2842
01/10/2032;18,2899
01/11/2032;18,2955
01/12/2032;18,3012
01/01/2033;18,3068
01/02/2033;18,3125
01/03/2033;18,3182
01/04/2033;18,3238
01/05/2033;18,3295
01/06/2033;18,3351
01/07/2033;18,3408
01/08/2033;18,3464
01/09/2033;18,3521
01/10/2033;18,3577
01/11/2033;18,3634
01/12/2033;18,3691
01/01/2034;18,3747
01/02/2034;18,3804
01/03/2034;18,3860
01/04/2034;18,3917
01/05/2034;18,3973
01/06/2034;18,4030
01/07/2034;18,4086
01/08/2034;18,4143
01/09/2034;18,4200
01/10/2034;18,4256
01/11/2034;18,4313
01/12/2034;18,4369
01/01/2035;18,4426
01/02/2035;18,4482
01/03/2035;18,4539
01/04/2035;18,4595
01/05/2035;18,4652
01/06/2035;18,4709
01/07/2035;18,4765
01/08/2035;18,4822
01/09/2035;18,4878
01/10/2035;18,4935
01/11/2035;18,4991
01/12/2035;18,5048
