DATA;LIQUIDA_MUX
01/10/2027;2924,1212
01/11/2027;2908,2071
01/12/2027;2892,2931
01/01/2028;2876,3790
01/02/2028;2860,4649
01/03/2028;2844,5508
01/04/2028;2828,6367
01/05/2028;2812,7226
01/06/2028;2796,8086
01/07/2028;2780,8945
01/08/2028;2764,9804
01/09/2028;2749,0663
01/10/2028;2733,1522
01/11/2028;2717,2382
01/12/2028;2701,3241
01/01/2029;2685,4100
01/02/2029;2669,4959
01/03/2029;2653,5818
01/04/2029;2637,6677
01/05/2029;2621,7537
01/06/2029;2605,8396
01/07/2029;2589,9255
01/08/2029;2574,0114
01/09/2029;2558,0973
01/10/2029;2542,1833
01/11/2029;2526,2692
01/12/2029;2510,3551
01/01/2030;2494,4410
01/02/2030;2478,5269
01/03/2030;2462,6129
01/04/2030;2446,6988
01/05/2030;2430,7847
01/06/2030;2414,8706
01/07/2030;2398,9565
01/08/2030;2383,0424
01/09/2030;2367,1284
01/10/2030;2351,2143
01/11/2030;2335,3002
01/12/2030;2319,3861
01/01/2031;2303,4720
01/02/2031;2287,5580
01/03/2031;2271,6439
01/04/2031;2255,7298
01/05/2031;2239,8157
01/06/2031;2223,9016
01/07/2031;2207,9875
01/08/2031;2192,0735
01/09/2031;2176,1594
01/10/2031;2160,2453
01/11/2031;2144,3312
01/12/2031;2128,4171
01/01/2032;2112,5031
01/02/2032;2096,5890
01/03/2032;2080,6749
01/04/2032;2064,7608
01/05/2032;2048,8467
01/06/2032;2032,9326
01/07/2032;2017,0186
01/08/2032;2001,1045
01/09/2032;1985,1904
01/10/2032;1969,2763
01/11/2032;1953,3622
01/12/2032;1937,4482
01/01/2033;1921,5341
01/02/2033;1905,6200
01/03/2033;1889,7059
01/04/2033;1873,7918
01/05/2033;1857,8777
01/06/2033;1841,9637
01/07/2033;1826,0496
01/08/2033;1810,1355
01/09/2033;1794,2214
01/10/2033;1778,3073
01/11/2033;1762,3933
01/12/2033;1746,4792
01/01/2034;1730,5651
01/02/2034;1714,6510
01/03/2034;1698,7369
01/04/2034;1682,8228
01/05/2034;1666,9088
01/06/2034;1650,9947
01/07/2034;1635,0806
01/08/2034;1619,1665
01/09/2034;1603,2524
01/10/2034;1587,3384
01/11/2034;1571,4243
01/12/2034;1555,5102
01/01/2035;1539,5961
01/02/2035;1523,6820
01/03/2035;1507,7680
01/04/2035;1491,8539
01/05/2035;1475,9398
01/06/2035;1460,0257
01/07/2035;1444,1116
01/08/2035;1428,1975
01/09/2035;1412,2835
01/10/2035;1396,3694
01/11/2035;1380,4553
01/12/2035;1364,5412
