DATA;MASTER
01/10/2027;107,2818
01/11/2027;115,4990
01/12/2027;139,3044
01/01/2028;137,6390
01/02/2028;123,5692
01/03/2028;139,8849
01/04/2028;116,7393
01/05/2028;105,8499
01/06/2028;98,5916
01/07/2028;103,4574
01/08/2028;103,9466
01/09/2028;98,3317
01/10/2028;107,2818
01/11/2028;115,4990
01/12/2028;139,3044
01/01/2029;137,6390
01/02/2029;123,5692
01/03/2029;139,8849
01/04/2029;116,7393
01/05/2029;105,8499
01/06/2029;98,5916
01/07/2029;103,4574
01/08/2029;103,9466
01/09/2029;98,3317
01/10/2029;107,2818
01/11/2029;115,4990
01/12/2029;139,3044
01/01/2030;137,6390
01/02/2030;123,5692
01/03/2030;139,8849
01/04/2030;116,7393
01/05/2030;105,8499
01/06/2030;98,5916
01/07/2030;103,4574
01/08/2030;103,9466
01/09/2030;98,3317
01/10/2030;107,2818
01/11/2030;115,4990
01/12/2030;139,3044
01/01/2031;137,6390
01/02/2031;123,5692
01/03/2031;139,8849
01/04/2031;116,7393
01/05/2031;105,8499
01/06/2031;98,5916
01/07/2031;103,4574
01/08/2031;103,9466
01/09/2031;98,3317
01/10/2031;107,2818
01/11/2031;115,4990
01/12/2031;139,3044
01/01/2032;137,6390
01/02/2032;123,5692
01/03/2032;139,8849
01/04/2032;116,7393
01/05/2032;105,8499
01/06/2032;98,5916
01/07/2032;103,4574
01/08/2032;103,9466
01/09/2032;98,3317
01/10/2032;107,2818
01/11/2032;115,4990
01/12/2032;139,3044
01/01/2033;137,6390
01/02/2033;123,5692
01/03/2033;139,8849
01/04/2033;116,7393
01/05/2033;105,8499
01/06/2033;98,5916
01/07/2033;103,4574
01/08/2033;103,9466
01/09/2033;98,3317
01/10/2033;107,2818
01/11/2033;115,4990
01/12/2033;139,3044
01/01/2034;137,6390
01/02/2034;123,5692
01/03/2034;139,8849
01/04/2034;116,7393
01/05/2034;105,8499
01/06/2034;98,5916
01/07/2034;103,4574
01/08/2034;103,9466
01/09/2034;98,3317
01/10/2034;107,2818
01/11/2034;115,4990
01/12/2034;139,3044
01/01/2035;137,6390
01/02/2035;123,5692
01/03/2035;139,8849
01/04/2035;116,7393
01/05/2035;105,8499
01/06/2035;98,5916
01/07/2035;103,4574
01/08/2035;103,9466
01/09/2035;98,3317
01/10/2035;107,2818
01/11/2035;115,4990
01/12/2035;139,3044
