DATA;MUX
01/10/2027;7042,4666
01/11/2027;6915,2389
01/12/2027;6949,8784
01/01/2028;7424,9198
01/02/2028;7535,3921
01/03/2028;8122,1251
01/04/2028;7292,8966
01/05/2028;7477,0675
01/06/2028;7907,4231
01/07/2028;7754,6763
01/08/2028;7269,8087
01/09/2028;6690,1193
01/10/2028;7042,4644
01/11/2028;6915,2371
01/12/2028;6949,8769
01/01/2029;7424,9186
01/02/2029;7535,3912
01/03/2029;8122,1243
01/04/2029;7292,8960
01/05/2029;7477,0670
01/06/2029;7907,4227
01/07/2029;7754,6760
01/08/2029;7269,8084
01/09/2029;6690,1191
01/10/2029;7042,4642
01/11/2029;6915,2370
01/12/2029;6949,8768
01/01/2030;7424,9185
01/02/2030;7535,3911
01/03/2030;8122,1243
01/04/2030;7292,8959
01/05/2030;7477,0670
01/06/2030;7907,4227
01/07/2030;7754,6760
01/08/2030;7269,8084
01/09/2030;6690,1191
01/10/2030;7042,4642
01/11/2030;6915,2370
01/12/2030;6949,8768
01/01/2031;7424,9185
01/02/2031;7535,3911
01/03/2031;8122,1243
01/04/2031;7292,8959
01/05/2031;7477,0670
01/06/2031;7907,4227
01/07/2031;7754,6760
01/08/2031;7269,8084
01/09/2031;6690,1191
01/10/2031;7042,4642
01/11/2031;6915,2370
01/12/2031;6949,8768
01/01/2032;7424,9185
01/02/2032;7535,3911
01/03/2032;8122,1243
01/04/2032;7292,8959
01/05/2032;7477,0670
01/06/2032;7907,4227
01/07/2032;7754,6760
01/08/2032;7269,8084
01/09/2032;6690,1191
01/10/2032;7042,4642
01/11/2032;6915,2370
01/12/2032;6949,8768
01/01/2033;7424,9185
01/02/2033;7535,3911
01/03/2033;8122,1243
01/04/2033;7292,8959
01/05/2033;7477,0670
01/06/2033;7907,4227
01/07/2033;7754,6760
01/08/2033;7269,8084
01/09/2033;6690,1191
01/10/2033;7042,4642
01/11/2033;6915,2370
01/12/2033;6949,8768
01/01/2034;7424,9185
01/02/2034;7535,3911
01/03/2034;8122,1243
01/04/2034;7292,8959
01/05/2034;7477,0670
01/06/2034;7907,4227
01/07/2034;7754,6760
01/08/2034;7269,8084
01/09/2034;6690,1191
01/10/2034;7042,4642
01/11/2034;6915,2370
01/12/2034;6949,8768
01/01/2035;7424,9185
01/02/2035;7535,3911
01/03/2035;8122,1243
01/04/2035;7292,8959
01/05/2035;7477,0670
01/06/2035;7907,4227
01/07/2035;7754,6760
01/08/2035;7269,8084
01/09/2035;6690,1191
01/10/2035;7042,4642
01/11/2035;6915,2370
01/12/2035;6949,8768
