DATA;PIETROBON
01/10/2027;308,1742
01/11/2027;308,9798
01/12/2027;309,7854
01/01/2028;310,5910
01/02/2028;311,3966
01/03/2028;312,2022
01/04/2028;313,0078
01/05/2028;313,8134
01/06/2028;314,6190
01/07/2028;315,4246
01/08/2028;316,2302
01/09/2028;317,0358
01/10/2028;317,8414
01/11/2028;318,6471
01/12/2028;319,4527
01/01/2029;320,2583
01/02/2029;321,0639
01/03/2029;321,8695
01/04/2029;322,6751
01/05/2029;323,4807
01/06/2029;324,2863
01/07/2029;325,0919
01/08/2029;325,8975
01/09/2029;326,7031
01/10/2029;327,5087
01/11/2029;328,3143
01/12/2029;329,1199
01/01/2030;329,9255
01/02/2030;330,7311
01/03/2030;331,5367
01/04/2030;332,3423
01/05/2030;333,1479
01/06/2030;333,9536
01/07/2030;334,7592
01/08/2030;335,5648
01/09/2030;336,3704
01/10/2030;337,1760
01/11/2030;337,9816
01/12/2030;338,7872
01/01/2031;339,5928
01/02/2031;340,3984
01/03/2031;341,2040
01/04/2031;342,0096
01/05/2031;342,8152
01/06/2031;343,6208
01/07/2031;344,4264
01/08/2031;345,2320
01/09/2031;346,0376
01/10/2031;346,8432
01/11/2031;347,6488
01/12/2031;348,4544
01/01/2032;349,2601
01/02/2032;350,0657
01/03/2032;350,8713
01/04/2032;351,6769
01/05/2032;352,4825
01/06/2032;353,2881
01/07/2032;354,0937
01/08/2032;354,8993
01/09/2032;355,7049
01/10/2032;356,5105
01/11/2032;357,3161
01/12/2032;358,1217
01/01/2033;358,9273
01/02/2033;359,7329
01/03/2033;360,5385
01/04/2033;361,3441
01/05/2033;362,1497
01/06/2033;362,9553
01/07/2033;363,7609
01/08/2033;364,5666
01/09/2033;365,3722
01/10/2033;366,1778
01/11/2033;366,9834
01/12/2033;367,7890
01/01/2034;368,5946
01/02/2034;369,4002
01/03/2034;370,2058
01/04/2034;371,0114
01/05/2034;371,8170
01/06/2034;372,6226
01/07/2034;373,4282
01/08/2034;374,2338
01/09/2034;375,0394
01/10/2034;375,8450
01/11/2034;376,6506
01/12/2034;377,4562
01/01/2035;378,2618
01/02/2035;379,0674
01/03/2035;379,8731
01/04/2035;380,6787
01/05/2035;381,4843
01/06/2035;382,2899
01/07/2035;383,0955
01/08/2035;383,9011
01/09/2035;384,7067
01/10/2035;385,5123
01/11/2035;386,3179
01/12/2035;387,1235
