DATA;PLASBIL
01/10/2027;927,5781
01/11/2027;927,5782
01/12/2027;927,5783
01/01/2028;927,5783
01/02/2028;927,5784
01/03/2028;927,5784
01/04/2028;927,5785
01/05/2028;927,5785
01/06/2028;927,5785
01/07/2028;927,5785
01/08/2028;927,5786
01/09/2028;927,5786
01/10/2028;927,5786
01/11/2028;927,5786
01/12/2028;927,5786
01/01/2029;927,5786
01/02/2029;927,5786
01/03/2029;927,5786
01/04/2029;927,5786
01/05/2029;927,5786
01/06/2029;927,5786
01/07/2029;927,5786
01/08/2029;927,5786
01/09/2029;927,5786
01/10/2029;927,5786
01/11/2029;927,5787
01/12/2029;927,5787
01/01/2030;927,5787
01/02/2030;927,5787
01/03/2030;927,5787
01/04/2030;927,5787
01/05/2030;927,5787
01/06/2030;927,5787
01/07/2030;927,5787
01/08/2030;927,5787
01/09/2030;927,5787
01/10/2030;927,5787
01/11/2030;927,5787
01/12/2030;927,5787
01/01/2031;927,5787
01/02/2031;927,5787
01/03/2031;927,5787
01/04/2031;927,5787
01/05/2031;927,5787
01/06/2031;927,5787
01/07/2031;927,5787
01/08/2031;927,5787
01/09/2031;927,5787
01/10/2031;927,5787
01/11/2031;927,5787
01/12/2031;927,5787
01/01/2032;927,5787
01/02/2032;927,5787
01/03/2032;927,5787
01/04/2032;927,5787
01/05/2032;927,5787
01/06/2032;927,5787
01/07/2032;927,5787
01/08/2032;927,5787
01/09/2032;927,5787
01/10/2032;927,5787
01/11/2032;927,5787
01/12/2032;927,5787
01/01/2033;927,5787
01/02/2033;927,5787
01/03/2033;927,5787
01/04/2033;927,5787
01/05/2033;927,5787
01/06/2033;927,5787
01/07/2033;927,5787
01/08/2033;927,5787
01/09/2033;927,5787
01/10/2033;927,5787
01/11/2033;927,5787
01/12/2033;927,5787
01/01/2034;927,5787
01/02/2034;927,5787
01/03/2034;927,5787
01/04/2034;927,5787
01/05/2034;927,5787
01/06/2034;927,5787
01/07/2034;927,5787
01/08/2034;927,5787
01/09/2034;927,5787
01/10/2034;927,5787
01/11/2034;927,5787
01/12/2034;927,5787
01/01/2035;927,5787
01/02/2035;927,5787
01/03/2035;927,5787
01/04/2035;927,5787
01/05/2035;927,5787
01/06/2035;927,5787
01/07/2035;927,5787
01/08/2035;927,5787
01/09/2035;927,5787
01/10/2035;927,5787
01/11/2035;927,5787
01/12/2035;927,5787
