DATA;PRIMAVERA
01/01/2027;18,8813
01/02/2027;27,4273
01/03/2027;32,2290
01/04/2027;25,2958
01/05/2027;33,0795
01/06/2027;33,9613
01/07/2027;37,0316
01/08/2027;30,3597
01/09/2027;31,4226
01/10/2027;29,7711
01/11/2027;22,4090
01/12/2027;15,5305
01/01/2028;18,8813
01/02/2028;27,4273
01/03/2028;32,2290
01/04/2028;25,2958
01/05/2028;33,0795
01/06/2028;33,9613
01/07/2028;37,0316
01/08/2028;30,3597
01/09/2028;31,4226
01/10/2028;29,7711
01/11/2028;22,4090
01/12/2028;15,5305
01/01/2029;18,8813
01/02/2029;27,4273
01/03/2029;32,2290
01/04/2029;25,2958
01/05/2029;33,0795
01/06/2029;33,9613
01/07/2029;37,0316
01/08/2029;30,3597
01/09/2029;31,4226
01/10/2029;29,7711
01/11/2029;22,4090
01/12/2029;15,5305
01/01/2030;18,8813
01/02/2030;27,4273
01/03/2030;32,2290
01/04/2030;25,2958
01/05/2030;33,0795
01/06/2030;33,9613
01/07/2030;37,0316
01/08/2030;30,3597
01/09/2030;31,4226
01/10/2030;29,7711
01/11/2030;22,4090
01/12/2030;15,5305
01/01/2031;18,8813
01/02/2031;27,4273
01/03/2031;32,2290
01/04/2031;25,2958
01/05/2031;33,0795
01/06/2031;33,9613
01/07/2031;37,0316
01/08/2031;30,3597
01/09/2031;31,4226
01/10/2031;29,7711
01/11/2031;22,4090
01/12/2031;15,5305
01/01/2032;18,8813
01/02/2032;27,4273
01/03/2032;32,2290
01/04/2032;25,2958
01/05/2032;33,0795
01/06/2032;33,9613
01/07/2032;37,0316
01/08/2032;30,3597
01/09/2032;31,4226
01/10/2032;29,7711
01/11/2032;22,4090
01/12/2032;15,5305
01/01/2033;18,8813
01/02/2033;27,4273
01/03/2033;32,2290
01/04/2033;25,2958
01/05/2033;33,0795
01/06/2033;33,9613
01/07/2033;37,0316
01/08/2033;30,3597
01/09/2033;31,4226
01/10/2033;29,7711
01/11/2033;22,4090
01/12/2033;15,5305
01/01/2034;18,8813
01/02/2034;27,4273
01/03/2034;32,2290
01/04/2034;25,2958
01/05/2034;33,0795
01/06/2034;33,9613
01/07/2034;37,0316
01/08/2034;30,3597
01/09/2034;31,4226
01/10/2034;29,7711
01/11/2034;22,4090
01/12/2034;15,5305
01/01/2035;18,8813
01/02/2035;27,4273
01/03/2035;32,2290
01/04/2035;25,2958
01/05/2035;33,0795
01/06/2035;33,9613
01/07/2035;37,0316
01/08/2035;30,3597
01/09/2035;31,4226
01/10/2035;29,7711
01/11/2035;22,4090
01/12/2035;15,5305
