DATA;RECH
01/01/2027;21,1711
01/02/2027;20,9665
01/03/2027;20,7619
01/04/2027;20,5574
01/05/2027;20,3528
01/06/2027;20,1482
01/07/2027;19,9437
01/08/2027;19,7391
01/09/2027;19,5345
01/10/2027;19,3300
01/11/2027;19,1254
01/12/2027;18,9209
01/01/2028;18,7163
01/02/2028;18,5117
01/03/2028;18,3072
01/04/2028;18,1026
01/05/2028;17,8980
01/06/2028;17,6935
01/07/2028;17,4889
01/08/2028;17,2843
01/09/2028;17,0798
01/10/2028;16,8752
01/11/2028;16,6706
01/12/2028;16,4661
01/01/2029;16,2615
01/02/2029;16,0569
01/03/2029;15,8524
01/04/2029;15,6478
01/05/2029;15,4432
01/06/2029;15,2387
01/07/2029;15,0341
01/08/2029;14,8295
01/09/2029;14,6250
01/10/2029;14,4204
01/11/2029;14,2158
01/12/2029;14,0113
01/01/2030;13,8067
01/02/2030;13,6022
01/03/2030;13,3976
01/04/2030;13,1930
01/05/2030;12,9885
01/06/2030;12,7839
01/07/2030;12,5793
01/08/2030;12,3748
01/09/2030;12,1702
01/10/2030;11,9656
01/11/2030;11,7611
01/12/2030;11,5565
01/01/2031;11,3519
01/02/2031;11,1474
01/03/2031;10,9428
01/04/2031;10,7382
01/05/2031;10,5337
01/06/2031;10,3291
01/07/2031;10,1245
01/08/2031;9,9200
01/09/2031;9,7154
01/10/2031;9,5108
01/11/2031;9,3063
01/12/2031;9,1017
01/01/2032;8,8971
01/02/2032;8,6926
01/03/2032;8,4880
01/04/2032;8,2835
01/05/2032;8,0789
01/06/2032;7,8743
01/07/2032;7,6698
01/08/2032;7,4652
01/09/2032;7,2606
01/10/2032;7,0561
01/11/2032;6,8515
01/12/2032;6,6469
01/01/2033;6,4424
01/02/2033;6,2378
01/03/2033;6,0332
01/04/2033;5,8287
01/05/2033;5,6241
01/06/2033;5,4195
01/07/2033;5,2150
01/08/2033;5,0104
01/09/2033;4,8058
01/10/2033;4,6013
01/11/2033;4,3967
01/12/2033;4,1921
01/01/2034;3,9876
01/02/2034;3,7830
01/03/2034;3,5784
01/04/2034;3,3739
01/05/2034;3,1693
01/06/2034;2,9647
01/07/2034;2,7602
01/08/2034;2,5556
01/09/2034;2,3511
01/10/2034;2,1465
01/11/2034;1,9419
01/12/2034;1,7374
01/01/2035;1,5328
01/02/2035;1,3282
01/03/2035;1,1237
01/04/2035;0,9191
01/05/2035;0,7145
01/06/2035;0,5100
01/07/2035;0,3054
01/08/2035;0,1008
01/09/2035;-0,1037
01/10/2035;-0,3083
01/11/2035;-0,5129
01/12/2035;-0,7174
