DATA;SIMONETTO
01/10/2027;273,1720
01/11/2027;231,5787
01/12/2027;157,3089
01/01/2028;250,9818
01/02/2028;263,8704
01/03/2028;313,1930
01/04/2028;313,2198
01/05/2028;270,1660
01/06/2028;246,8033
01/07/2028;294,4736
01/08/2028;288,7574
01/09/2028;275,9217
01/10/2028;300,8549
01/11/2028;255,0466
01/12/2028;173,2504
01/01/2029;276,4160
01/02/2029;290,6107
01/03/2029;344,9316
01/04/2029;344,9612
01/05/2029;297,5443
01/06/2029;271,8141
01/07/2029;324,3152
01/08/2029;318,0197
01/09/2029;303,8833
01/10/2029;331,3432
01/11/2029;280,8927
01/12/2029;190,8074
01/01/2030;304,4277
01/02/2030;320,0608
01/03/2030;379,8866
01/04/2030;379,9191
01/05/2030;327,6971
01/06/2030;299,3594
01/07/2030;357,1809
01/08/2030;350,2474
01/09/2030;334,6785
01/10/2030;364,9211
01/11/2030;309,3580
01/12/2030;210,1436
01/01/2031;335,2780
01/02/2031;352,4954
01/03/2031;418,3839
01/04/2031;418,4197
01/05/2031;360,9056
01/06/2031;329,6961
01/07/2031;393,3772
01/08/2031;385,7411
01/09/2031;368,5944
01/10/2031;401,9017
01/11/2031;340,7080
01/12/2031;231,4393
01/01/2032;369,2547
01/02/2032;388,2168
01/03/2032;460,7824
01/04/2032;460,8218
01/05/2032;397,4793
01/06/2032;363,1072
01/07/2032;433,2416
01/08/2032;424,8316
01/09/2032;405,9473
01/10/2032;442,6300
01/11/2032;375,2349
01/12/2032;254,8931
01/01/2033;406,6745
01/02/2033;427,5583
01/03/2033;507,4775
01/04/2033;507,5210
01/05/2033;437,7594
01/06/2033;399,9040
01/07/2033;477,1458
01/08/2033;467,8836
01/09/2033;447,0855
01/10/2033;487,4856
01/11/2033;413,2608
01/12/2033;280,7237
01/01/2034;447,8865
01/02/2034;470,8865
01/03/2034;558,9047
01/04/2034;558,9525
01/05/2034;482,1214
01/06/2034;440,4298
01/07/2034;525,4992
01/08/2034;515,2983
01/09/2034;492,3926
01/10/2034;536,8868
01/11/2034;455,1402
01/12/2034;309,1719
01/01/2035;493,2747
01/02/2035;518,6056
01/03/2035;615,5434
01/04/2035;615,5961
01/05/2035;530,9790
01/06/2035;485,0624
01/07/2035;578,7527
01/08/2035;567,5180
01/09/2035;542,2911
01/10/2035;591,2943
01/11/2035;501,2635
01/12/2035;340,5030
